{"bbox_matrix":[[93.1875,0,0],[0,84.44444444444444,0],[98.875,0,0],[0,88.77777777777777,0]],"native_resolution":[1600,900]}