{"bbox_matrix":[[80.1875,0,0],[0,55.222222222222214,0],[90.6875,0,0],[0,62.44444444444445,0]],"native_resolution":[1600,900]}