{"bbox_matrix":[[45.5625,0,0],[0,12.777777777777787,0],[55.43750000000001,0,0],[0,16.555555555555582,0]],"native_resolution":[1600,900]}