{"bbox_matrix":[[82.8125,0,0],[0,87.33333333333333,0],[88.0625,0,0],[0,89.33333333333333,0]],"native_resolution":[1600,900]}