{"bbox_matrix":[[84.625,0,0],[0,36.22222222222222,0],[91.875,0,0],[0,49.333333333333336,0]],"native_resolution":[1600,900]}