{"bbox_matrix":[[84.375,0,0],[0,20.333333333333332,0],[91.75,0,0],[0,24.333333333333336,0]],"native_resolution":[1600,900]}