{"bbox_matrix":[[1.625,0,0],[0,2.3333333333333335,0],[5.0625,0,0],[0,8.444444444444445,0]],"native_resolution":[1600,900]}