{"bbox_matrix":[[3.4375000000000004,0,0],[0,3.4444444444444446,0],[8.5,0,0],[0,11.444444444444441,0]],"native_resolution":[1600,900]}