{"bbox_matrix":[[79.0625,0,0],[0,87.8888888888889,0],[89.5,0,0],[0,94.7777777777778,0]],"native_resolution":[1600,900]}