{"bbox_matrix":[[61.8125,0,0],[0,88.55555555555556,0],[68.8125,0,0],[0,93.7777777777778,0]],"native_resolution":[1600,900]}