{"bbox_matrix":[[48.1875,0,0],[0,75.77777777777777,0],[52.25,0,0],[0,82.33333333333334,0]],"native_resolution":[1600,900]}