{"bbox_matrix":[[1.0625,0,0],[0,88.77777777777777,0],[4.875,0,0],[0,98.22222222222223,0]],"native_resolution":[1600,900]}