{"bbox_matrix":[[87.25,0,0],[0,2.3333333333333335,0],[92.9375,0,0],[0,10.888888888888888,0]],"native_resolution":[1600,900]}