{"bbox_matrix":[[87.375,0,0],[0,3.111111111111111,0],[97.875,0,0],[0,10.555555555555559,0]],"native_resolution":[1600,900]}