{"bbox_matrix":[[11.4375,0,0],[0,3.3333333333333335,0],[16.8125,0,0],[0,11.777777777777775,0]],"native_resolution":[1600,900]}