{"bbox_matrix":[[3.6875000000000004,0,0],[0,77.44444444444444,0],[9.25,0,0],[0,86.33333333333336,0]],"native_resolution":[1600,900]}