{"bbox_matrix":[[46.0625,0,0],[0,60.88888888888889,0],[54.1875,0,0],[0,63.33333333333333,0]],"native_resolution":[1600,900]}