{"bbox_matrix":[[2.5625,0,0],[0,86.66666666666667,0],[8.375,0,0],[0,95.55555555555557,0]],"native_resolution":[1600,900]}