{"bbox_matrix":[[84.625,0,0],[0,89.11111111111111,0],[92.9375,0,0],[0,94.11111111111111,0]],"native_resolution":[1600,900]}