{"bbox_matrix":[[47.375,0,0],[0,86.8888888888889,0],[51.6875,0,0],[0,94.33333333333334,0]],"native_resolution":[1600,900]}