{"bbox_matrix":[[3.25,0,0],[0,66.77777777777779,0],[13.625000000000002,0,0],[0,72.66666666666667,0]],"native_resolution":[1600,900]}