{"bbox_matrix":[[90.375,0,0],[0,2.666666666666667,0],[98.75,0,0],[0,7.33333333333333,0]],"native_resolution":[1600,900]}