{"bbox_matrix":[[66.9375,0,0],[0,49.77777777777778,0],[73.8125,0,0],[0,61.44444444444444,0]],"native_resolution":[1600,900]}