{"bbox_matrix":[[74.8125,0,0],[0,78.44444444444446,0],[87,0,0],[0,85.33333333333336,0]],"native_resolution":[1600,900]}