{"bbox_matrix":[[89.4375,0,0],[0,84.11111111111111,0],[97.75,0,0],[0,89.11111111111111,0]],"native_resolution":[1600,900]}