{"bbox_matrix":[[51.87500000000001,0,0],[0,48.888888888888886,0],[97.70833333333333,0,0],[0,56.666666666666664,0]],"native_resolution":[1920,1080]}