{"bbox_matrix":[[0,115.0925925925926,0],[0,36.11111111111111,0],[0,152.87037037037038,0],[0,53.148148148148145,0]],"native_resolution":[1920,1080]}